anio,sexo,aliento_alcoholico,aliento,edades
2015,Hombre              ,No                  ,111,12
2015,Hombre              ,Sí                  ,4,12
2015,Mujer               ,No                  ,26,12
2016,Hombre              ,No                  ,117,12
2016,Hombre              ,Sí                  ,6,12
2016,Mujer               ,No                  ,27,12
2017,Hombre              ,No                  ,106,12
2017,Hombre              ,Sí                  ,5,12
2017,Mujer               ,No                  ,16,12
2018,Hombre              ,No                  ,102,12
2018,Hombre              ,Sí                  ,3,12
2018,Mujer               ,No                  ,19,12
2018,Mujer               ,Sí                  ,1,12
2019,Hombre              ,No                  ,91,12
2019,Hombre              ,Sí                  ,1,12
2019,Mujer               ,No                  ,10,12
2015,Hombre              ,No                  ,77,13
2015,Hombre              ,Sí                  ,1,13
2015,Mujer               ,No                  ,25,13
2016,Hombre              ,No                  ,109,13
2016,Hombre              ,Sí                  ,2,13
2016,Mujer               ,No                  ,16,13
2017,Hombre              ,No                  ,92,13
2017,Hombre              ,Sí                  ,3,13
2017,Mujer               ,No                  ,23,13
2017,Mujer               ,Sí                  ,1,13
2018,Hombre              ,No                  ,107,13
2018,Mujer               ,No                  ,27,13
2018,Mujer               ,Sí                  ,1,13
2019,Hombre              ,No                  ,84,13
2019,Hombre              ,Sí                  ,3,13
2019,Mujer               ,No                  ,12,13
2019,Mujer               ,Sí                  ,1,13
2015,Hombre              ,No                  ,212,14
2015,Hombre              ,Sí                  ,7,14
2015,Mujer               ,No                  ,29,14
2015,Mujer               ,Sí                  ,1,14
2016,Hombre              ,No                  ,195,14
2016,Hombre              ,Sí                  ,5,14
2016,Mujer               ,No                  ,38,14
2017,Hombre              ,No                  ,220,14
2017,Hombre              ,Sí                  ,6,14
2017,Mujer               ,No                  ,41,14
2017,Mujer               ,Sí                  ,2,14
2018,Hombre              ,No                  ,196,14
2018,Hombre              ,Sí                  ,10,14
2018,Mujer               ,No                  ,39,14
2019,Hombre              ,No                  ,212,14
2019,Hombre              ,Sí                  ,13,14
2019,Mujer               ,No                  ,50,14
2019,Mujer               ,Sí                  ,1,14
2015,Hombre              ,No                  ,469,15
2015,Hombre              ,Sí                  ,33,15
2015,Mujer               ,No                  ,92,15
2015,Mujer               ,Sí                  ,4,15
2016,Hombre              ,No                  ,451,15
2016,Hombre              ,Sí                  ,29,15
2016,Mujer               ,No                  ,97,15
2016,Mujer               ,Sí                  ,2,15
2017,Hombre              ,No                  ,427,15
2017,Hombre              ,Sí                  ,24,15
2017,Mujer               ,No                  ,88,15
2017,Mujer               ,Sí                  ,1,15
2018,Hombre              ,No                  ,438,15
2018,Hombre              ,Sí                  ,22,15
2018,Mujer               ,No                  ,69,15
2018,Mujer               ,Sí                  ,2,15
2019,Hombre              ,No                  ,447,15
2019,Hombre              ,Sí                  ,26,15
2019,Mujer               ,No                  ,58,15
2019,Mujer               ,Sí                  ,2,15
2015,Hombre              ,No                  ,967,16
2015,Hombre              ,Sí                  ,81,16
2015,Mujer               ,No                  ,200,16
2015,Mujer               ,Sí                  ,3,16
2016,Hombre              ,No                  ,1003,16
2016,Hombre              ,Sí                  ,85,16
2016,Mujer               ,No                  ,195,16
2016,Mujer               ,Sí                  ,4,16
2017,Hombre              ,No                  ,1047,16
2017,Hombre              ,Sí                  ,60,16
2017,Mujer               ,No                  ,182,16
2017,Mujer               ,Sí                  ,3,16
2018,Hombre              ,No                  ,960,16
2018,Hombre              ,Sí                  ,52,16
2018,Mujer               ,No                  ,173,16
2018,Mujer               ,Sí                  ,1,16
2019,Hombre              ,No                  ,811,16
2019,Hombre              ,Sí                  ,69,16
2019,Mujer               ,No                  ,139,16
2019,Mujer               ,Sí                  ,7,16
2015,Hombre              ,No                  ,1696,17
2015,Hombre              ,Sí                  ,222,17
2015,Mujer               ,No                  ,337,17
2015,Mujer               ,Sí                  ,12,17
2016,Hombre              ,No                  ,1753,17
2016,Hombre              ,Sí                  ,205,17
2016,Mujer               ,No                  ,334,17
2016,Mujer               ,Sí                  ,12,17
2017,Hombre              ,No                  ,1766,17
2017,Hombre              ,Sí                  ,200,17
2017,Mujer               ,No                  ,310,17
2017,Mujer               ,Sí                  ,10,17
2018,Hombre              ,No                  ,1731,17
2018,Hombre              ,Sí                  ,148,17
2018,Mujer               ,No                  ,307,17
2018,Mujer               ,Sí                  ,9,17
2019,Hombre              ,No                  ,1560,17
2019,Hombre              ,Sí                  ,165,17
2019,Mujer               ,No                  ,262,17
2019,Mujer               ,Sí                  ,10,17
2015,Hombre              ,No                  ,3496,18
2015,Hombre              ,Sí                  ,459,18
2015,Mujer               ,No                  ,674,18
2015,Mujer               ,Sí                  ,32,18
2016,Hombre              ,No                  ,3834,18
2016,Hombre              ,Sí                  ,370,18
2016,Mujer               ,No                  ,755,18
2016,Mujer               ,Sí                  ,28,18
2017,Hombre              ,No                  ,3651,18
2017,Hombre              ,Sí                  ,302,18
2017,Mujer               ,No                  ,699,18
2017,Mujer               ,Sí                  ,21,18
2018,Hombre              ,No                  ,3964,18
2018,Hombre              ,Sí                  ,312,18
2018,Mujer               ,No                  ,723,18
2018,Mujer               ,Sí                  ,15,18
2019,Hombre              ,No                  ,3289,18
2019,Hombre              ,Sí                  ,347,18
2019,Mujer               ,No                  ,627,18
2019,Mujer               ,Sí                  ,26,18
2015,Hombre              ,No                  ,3512,19
2015,Hombre              ,Sí                  ,545,19
2015,Mujer               ,No                  ,813,19
2015,Mujer               ,Sí                  ,49,19
2016,Hombre              ,No                  ,3586,19
2016,Hombre              ,Sí                  ,433,19
2016,Mujer               ,No                  ,809,19
2016,Mujer               ,Sí                  ,45,19
2017,Hombre              ,No                  ,3846,19
2017,Hombre              ,Sí                  ,357,19
2017,Mujer               ,No                  ,836,19
2017,Mujer               ,Sí                  ,23,19
2018,Hombre              ,No                  ,4059,19
2018,Hombre              ,Sí                  ,332,19
2018,Mujer               ,No                  ,885,19
2018,Mujer               ,Sí                  ,25,19
2019,Hombre              ,No                  ,3674,19
2019,Hombre              ,Sí                  ,354,19
2019,Mujer               ,No                  ,769,19
2019,Mujer               ,Sí                  ,34,19
2015,Hombre              ,No                  ,4260,20
2015,Hombre              ,Sí                  ,599,20
2015,Mujer               ,No                  ,977,20
2015,Mujer               ,Sí                  ,50,20
2016,Hombre              ,No                  ,4412,20
2016,Hombre              ,Sí                  ,485,20
2016,Mujer               ,No                  ,997,20
2016,Mujer               ,Sí                  ,44,20
2017,Hombre              ,No                  ,4535,20
2017,Hombre              ,Sí                  ,415,20
2017,Mujer               ,No                  ,939,20
2017,Mujer               ,Sí                  ,35,20
2018,Hombre              ,No                  ,6840,20
2018,Hombre              ,Sí                  ,395,20
2018,Mujer               ,No                  ,1583,20
2018,Mujer               ,Sí                  ,37,20
2019,Hombre              ,No                  ,5564,20
2019,Hombre              ,Sí                  ,421,20
2019,Mujer               ,No                  ,1676,20
2019,Mujer               ,Sí                  ,43,20
2015,Hombre              ,No                  ,4431,21
2015,Hombre              ,Sí                  ,665,21
2015,Mujer               ,No                  ,974,21
2015,Mujer               ,Sí                  ,56,21
2016,Hombre              ,No                  ,4554,21
2016,Hombre              ,Sí                  ,556,21
2016,Mujer               ,No                  ,976,21
2016,Mujer               ,Sí                  ,53,21
2017,Hombre              ,No                  ,4895,21
2017,Hombre              ,Sí                  ,462,21
2017,Mujer               ,No                  ,1007,21
2017,Mujer               ,Sí                  ,52,21
2018,Hombre              ,No                  ,4578,21
2018,Hombre              ,Sí                  ,446,21
2018,Mujer               ,No                  ,945,21
2018,Mujer               ,Sí                  ,32,21
2019,Hombre              ,No                  ,4114,21
2019,Hombre              ,Sí                  ,458,21
2019,Mujer               ,No                  ,918,21
2019,Mujer               ,Sí                  ,40,21
2015,Hombre              ,No                  ,4769,22
2015,Hombre              ,Sí                  ,731,22
2015,Mujer               ,No                  ,1145,22
2015,Mujer               ,Sí                  ,54,22
2016,Hombre              ,No                  ,5007,22
2016,Hombre              ,Sí                  ,645,22
2016,Mujer               ,No                  ,1111,22
2016,Mujer               ,Sí                  ,42,22
2017,Hombre              ,No                  ,5451,22
2017,Hombre              ,Sí                  ,525,22
2017,Mujer               ,No                  ,1166,22
2017,Mujer               ,Sí                  ,48,22
2018,Hombre              ,No                  ,5021,22
2018,Hombre              ,Sí                  ,460,22
2018,Mujer               ,No                  ,1093,22
2018,Mujer               ,Sí                  ,35,22
2019,Hombre              ,No                  ,4470,22
2019,Hombre              ,Sí                  ,513,22
2019,Mujer               ,No                  ,981,22
2019,Mujer               ,Sí                  ,72,22
2015,Hombre              ,No                  ,5124,23
2015,Hombre              ,Sí                  ,769,23
2015,Mujer               ,No                  ,1138,23
2015,Mujer               ,Sí                  ,69,23
2016,Hombre              ,No                  ,5509,23
2016,Hombre              ,Sí                  ,639,23
2016,Mujer               ,No                  ,1234,23
2016,Mujer               ,Sí                  ,53,23
2017,Hombre              ,No                  ,5746,23
2017,Hombre              ,Sí                  ,592,23
2017,Mujer               ,No                  ,1216,23
2017,Mujer               ,Sí                  ,57,23
2018,Hombre              ,No                  ,5485,23
2018,Hombre              ,Sí                  ,509,23
2018,Mujer               ,No                  ,1264,23
2018,Mujer               ,Sí                  ,38,23
2019,Hombre              ,No                  ,4769,23
2019,Hombre              ,Sí                  ,523,23
2019,Mujer               ,No                  ,1129,23
2019,Mujer               ,Sí                  ,56,23
2015,Hombre              ,No                  ,4945,24
2015,Hombre              ,Sí                  ,704,24
2015,Mujer               ,No                  ,1181,24
2015,Mujer               ,Sí                  ,67,24
2016,Hombre              ,No                  ,5287,24
2016,Hombre              ,Sí                  ,581,24
2016,Mujer               ,No                  ,1274,24
2016,Mujer               ,Sí                  ,65,24
2017,Hombre              ,No                  ,5794,24
2017,Hombre              ,Sí                  ,553,24
2017,Mujer               ,No                  ,1288,24
2017,Mujer               ,Sí                  ,45,24
2018,Hombre              ,No                  ,5448,24
2018,Hombre              ,Sí                  ,468,24
2018,Mujer               ,No                  ,1253,24
2018,Mujer               ,Sí                  ,43,24
2019,Hombre              ,No                  ,4915,24
2019,Hombre              ,Sí                  ,538,24
2019,Mujer               ,No                  ,1157,24
2019,Mujer               ,Sí                  ,61,24
2015,Hombre              ,No                  ,5776,25
2015,Hombre              ,Sí                  ,804,25
2015,Mujer               ,No                  ,1299,25
2015,Mujer               ,Sí                  ,72,25
2016,Hombre              ,No                  ,6278,25
2016,Hombre              ,Sí                  ,654,25
2016,Mujer               ,No                  ,1492,25
2016,Mujer               ,Sí                  ,57,25
2017,Hombre              ,No                  ,6360,25
2017,Hombre              ,Sí                  ,608,25
2017,Mujer               ,No                  ,1375,25
2017,Mujer               ,Sí                  ,46,25
2018,Hombre              ,No                  ,6314,25
2018,Hombre              ,Sí                  ,556,25
2018,Mujer               ,No                  ,1454,25
2018,Mujer               ,Sí                  ,55,25
2019,Hombre              ,No                  ,5682,25
2019,Hombre              ,Sí                  ,602,25
2019,Mujer               ,No                  ,1308,25
2019,Mujer               ,Sí                  ,66,25
2015,Hombre              ,No                  ,5073,26
2015,Hombre              ,Sí                  ,635,26
2015,Mujer               ,No                  ,1283,26
2015,Mujer               ,Sí                  ,77,26
2016,Hombre              ,No                  ,5590,26
2016,Hombre              ,Sí                  ,638,26
2016,Mujer               ,No                  ,1407,26
2016,Mujer               ,Sí                  ,61,26
2017,Hombre              ,No                  ,6024,26
2017,Hombre              ,Sí                  ,508,26
2017,Mujer               ,No                  ,1418,26
2017,Mujer               ,Sí                  ,51,26
2018,Hombre              ,No                  ,5749,26
2018,Hombre              ,Sí                  ,479,26
2018,Mujer               ,No                  ,1388,26
2018,Mujer               ,Sí                  ,51,26
2019,Hombre              ,No                  ,5317,26
2019,Hombre              ,Sí                  ,525,26
2019,Mujer               ,No                  ,1374,26
2019,Mujer               ,Sí                  ,66,26
2015,Hombre              ,No                  ,5010,27
2015,Hombre              ,Sí                  ,675,27
2015,Mujer               ,No                  ,1217,27
2015,Mujer               ,Sí                  ,51,27
2016,Hombre              ,No                  ,5121,27
2016,Hombre              ,Sí                  ,580,27
2016,Mujer               ,No                  ,1298,27
2016,Mujer               ,Sí                  ,66,27
2017,Hombre              ,No                  ,6013,27
2017,Hombre              ,Sí                  ,511,27
2017,Mujer               ,No                  ,1460,27
2017,Mujer               ,Sí                  ,61,27
2018,Hombre              ,No                  ,5725,27
2018,Hombre              ,Sí                  ,485,27
2018,Mujer               ,No                  ,1384,27
2018,Mujer               ,Sí                  ,34,27
2019,Hombre              ,No                  ,5191,27
2019,Hombre              ,Sí                  ,532,27
2019,Mujer               ,No                  ,1235,27
2019,Mujer               ,Sí                  ,68,27
2015,Hombre              ,No                  ,5209,28
2015,Hombre              ,Sí                  ,711,28
2015,Mujer               ,No                  ,1275,28
2015,Mujer               ,Sí                  ,68,28
2016,Hombre              ,No                  ,5697,28
2016,Hombre              ,Sí                  ,626,28
2016,Mujer               ,No                  ,1389,28
2016,Mujer               ,Sí                  ,52,28
2017,Hombre              ,No                  ,6048,28
2017,Hombre              ,Sí                  ,538,28
2017,Mujer               ,No                  ,1382,28
2017,Mujer               ,Sí                  ,41,28
2018,Hombre              ,No                  ,6041,28
2018,Hombre              ,Sí                  ,534,28
2018,Mujer               ,No                  ,1562,28
2018,Mujer               ,Sí                  ,51,28
2019,Hombre              ,No                  ,5716,28
2019,Hombre              ,Sí                  ,569,28
2019,Mujer               ,No                  ,1412,28
2019,Mujer               ,Sí                  ,60,28
2015,Hombre              ,No                  ,4797,29
2015,Hombre              ,Sí                  ,620,29
2015,Mujer               ,No                  ,1205,29
2015,Mujer               ,Sí                  ,66,29
2016,Hombre              ,No                  ,5060,29
2016,Hombre              ,Sí                  ,548,29
2016,Mujer               ,No                  ,1154,29
2016,Mujer               ,Sí                  ,49,29
2017,Hombre              ,No                  ,5490,29
2017,Hombre              ,Sí                  ,525,29
2017,Mujer               ,No                  ,1269,29
2017,Mujer               ,Sí                  ,58,29
2018,Hombre              ,No                  ,5513,29
2018,Hombre              ,Sí                  ,458,29
2018,Mujer               ,No                  ,1307,29
2018,Mujer               ,Sí                  ,43,29
2019,Hombre              ,No                  ,5171,29
2019,Hombre              ,Sí                  ,503,29
2019,Mujer               ,No                  ,1261,29
2019,Mujer               ,Sí                  ,62,29
2015,Hombre              ,No                  ,5563,30
2015,Hombre              ,Sí                  ,704,30
2015,Mujer               ,No                  ,1360,30
2015,Mujer               ,Sí                  ,58,30
2016,Hombre              ,No                  ,5958,30
2016,Hombre              ,Sí                  ,632,30
2016,Mujer               ,No                  ,1464,30
2016,Mujer               ,Sí                  ,51,30
2017,Hombre              ,No                  ,6235,30
2017,Hombre              ,Sí                  ,526,30
2017,Mujer               ,No                  ,1495,30
2017,Mujer               ,Sí                  ,50,30
2018,Hombre              ,No                  ,5985,30
2018,Hombre              ,Sí                  ,475,30
2018,Mujer               ,No                  ,1482,30
2018,Mujer               ,Sí                  ,57,30
2019,Hombre              ,No                  ,5560,30
2019,Hombre              ,Sí                  ,532,30
2019,Mujer               ,No                  ,1461,30
2019,Mujer               ,Sí                  ,71,30
2015,Hombre              ,No                  ,4238,31
2015,Hombre              ,Sí                  ,465,31
2015,Mujer               ,No                  ,1133,31
2015,Mujer               ,Sí                  ,48,31
2016,Hombre              ,No                  ,4489,31
2016,Hombre              ,Sí                  ,368,31
2016,Mujer               ,No                  ,1159,31
2016,Mujer               ,Sí                  ,40,31
2017,Hombre              ,No                  ,4781,31
2017,Hombre              ,Sí                  ,327,31
2017,Mujer               ,No                  ,1168,31
2017,Mujer               ,Sí                  ,39,31
2018,Hombre              ,No                  ,4732,31
2018,Hombre              ,Sí                  ,329,31
2018,Mujer               ,No                  ,1250,31
2018,Mujer               ,Sí                  ,37,31
2019,Hombre              ,No                  ,4457,31
2019,Hombre              ,Sí                  ,369,31
2019,Mujer               ,No                  ,1167,31
2019,Mujer               ,Sí                  ,40,31
2015,Hombre              ,No                  ,5156,32
2015,Hombre              ,Sí                  ,610,32
2015,Mujer               ,No                  ,1356,32
2015,Mujer               ,Sí                  ,50,32
2016,Hombre              ,No                  ,5440,32
2016,Hombre              ,Sí                  ,529,32
2016,Mujer               ,No                  ,1385,32
2016,Mujer               ,Sí                  ,48,32
2017,Hombre              ,No                  ,5656,32
2017,Hombre              ,Sí                  ,476,32
2017,Mujer               ,No                  ,1352,32
2017,Mujer               ,Sí                  ,48,32
2018,Hombre              ,No                  ,5573,32
2018,Hombre              ,Sí                  ,409,32
2018,Mujer               ,No                  ,1352,32
2018,Mujer               ,Sí                  ,43,32
2019,Hombre              ,No                  ,5293,32
2019,Hombre              ,Sí                  ,481,32
2019,Mujer               ,No                  ,1243,32
2019,Mujer               ,Sí                  ,48,32
2015,Hombre              ,No                  ,4470,33
2015,Hombre              ,Sí                  ,546,33
2015,Mujer               ,No                  ,1167,33
2015,Mujer               ,Sí                  ,43,33
2016,Hombre              ,No                  ,4866,33
2016,Hombre              ,Sí                  ,471,33
2016,Mujer               ,No                  ,1261,33
2016,Mujer               ,Sí                  ,33,33
2017,Hombre              ,No                  ,5016,33
2017,Hombre              ,Sí                  ,364,33
2017,Mujer               ,No                  ,1196,33
2017,Mujer               ,Sí                  ,30,33
2018,Hombre              ,No                  ,5033,33
2018,Hombre              ,Sí                  ,386,33
2018,Mujer               ,No                  ,1214,33
2018,Mujer               ,Sí                  ,41,33
2019,Hombre              ,No                  ,4759,33
2019,Hombre              ,Sí                  ,381,33
2019,Mujer               ,No                  ,1139,33
2019,Mujer               ,Sí                  ,38,33
2015,Hombre              ,No                  ,4402,34
2015,Hombre              ,Sí                  ,527,34
2015,Mujer               ,No                  ,1139,34
2015,Mujer               ,Sí                  ,46,34
2016,Hombre              ,No                  ,4651,34
2016,Hombre              ,Sí                  ,376,34
2016,Mujer               ,No                  ,1156,34
2016,Mujer               ,Sí                  ,32,34
2017,Hombre              ,No                  ,4706,34
2017,Hombre              ,Sí                  ,369,34
2017,Mujer               ,No                  ,1192,34
2017,Mujer               ,Sí                  ,33,34
2018,Hombre              ,No                  ,4780,34
2018,Hombre              ,Sí                  ,334,34
2018,Mujer               ,No                  ,1143,34
2018,Mujer               ,Sí                  ,28,34
2019,Hombre              ,No                  ,4359,34
2019,Hombre              ,Sí                  ,400,34
2019,Mujer               ,No                  ,1171,34
2019,Mujer               ,Sí                  ,35,34
2015,Hombre              ,No                  ,5035,35
2015,Hombre              ,Sí                  ,597,35
2015,Mujer               ,No                  ,1131,35
2015,Mujer               ,Sí                  ,45,35
2016,Hombre              ,No                  ,5237,35
2016,Hombre              ,Sí                  ,485,35
2016,Mujer               ,No                  ,1231,35
2016,Mujer               ,Sí                  ,29,35
2017,Hombre              ,No                  ,5551,35
2017,Hombre              ,Sí                  ,455,35
2017,Mujer               ,No                  ,1314,35
2017,Mujer               ,Sí                  ,32,35
2018,Hombre              ,No                  ,5497,35
2018,Hombre              ,Sí                  ,421,35
2018,Mujer               ,No                  ,1346,35
2018,Mujer               ,Sí                  ,30,35
2019,Hombre              ,No                  ,5066,35
2019,Hombre              ,Sí                  ,469,35
2019,Mujer               ,No                  ,1256,35
2019,Mujer               ,Sí                  ,46,35
2015,Hombre              ,No                  ,4222,36
2015,Hombre              ,Sí                  ,486,36
2015,Mujer               ,No                  ,1042,36
2015,Mujer               ,Sí                  ,40,36
2016,Hombre              ,No                  ,4749,36
2016,Hombre              ,Sí                  ,429,36
2016,Mujer               ,No                  ,1146,36
2016,Mujer               ,Sí                  ,43,36
2017,Hombre              ,No                  ,4907,36
2017,Hombre              ,Sí                  ,384,36
2017,Mujer               ,No                  ,1206,36
2017,Mujer               ,Sí                  ,29,36
2018,Hombre              ,No                  ,4773,36
2018,Hombre              ,Sí                  ,346,36
2018,Mujer               ,No                  ,1184,36
2018,Mujer               ,Sí                  ,29,36
2019,Hombre              ,No                  ,4520,36
2019,Hombre              ,Sí                  ,388,36
2019,Mujer               ,No                  ,1175,36
2019,Mujer               ,Sí                  ,37,36
2015,Hombre              ,No                  ,3824,37
2015,Hombre              ,Sí                  ,445,37
2015,Mujer               ,No                  ,1006,37
2015,Mujer               ,Sí                  ,18,37
2016,Hombre              ,No                  ,3811,37
2016,Hombre              ,Sí                  ,346,37
2016,Mujer               ,No                  ,970,37
2016,Mujer               ,Sí                  ,21,37
2017,Hombre              ,No                  ,4413,37
2017,Hombre              ,Sí                  ,345,37
2017,Mujer               ,No                  ,1067,37
2017,Mujer               ,Sí                  ,25,37
2018,Hombre              ,No                  ,4338,37
2018,Hombre              ,Sí                  ,304,37
2018,Mujer               ,No                  ,1038,37
2018,Mujer               ,Sí                  ,28,37
2019,Hombre              ,No                  ,3937,37
2019,Hombre              ,Sí                  ,325,37
2019,Mujer               ,No                  ,975,37
2019,Mujer               ,Sí                  ,31,37
2015,Hombre              ,No                  ,4346,38
2015,Hombre              ,Sí                  ,554,38
2015,Mujer               ,No                  ,1043,38
2015,Mujer               ,Sí                  ,42,38
2016,Hombre              ,No                  ,4401,38
2016,Hombre              ,Sí                  ,447,38
2016,Mujer               ,No                  ,925,38
2016,Mujer               ,Sí                  ,35,38
2017,Hombre              ,No                  ,4621,38
2017,Hombre              ,Sí                  ,350,38
2017,Mujer               ,No                  ,1114,38
2017,Mujer               ,Sí                  ,24,38
2018,Hombre              ,No                  ,4697,38
2018,Hombre              ,Sí                  ,369,38
2018,Mujer               ,No                  ,1081,38
2018,Mujer               ,Sí                  ,18,38
2019,Hombre              ,No                  ,4582,38
2019,Hombre              ,Sí                  ,410,38
2019,Mujer               ,No                  ,1096,38
2019,Mujer               ,Sí                  ,54,38
2015,Hombre              ,No                  ,3690,39
2015,Hombre              ,Sí                  ,432,39
2015,Mujer               ,No                  ,883,39
2015,Mujer               ,Sí                  ,22,39
2016,Hombre              ,No                  ,3810,39
2016,Hombre              ,Sí                  ,369,39
2016,Mujer               ,No                  ,932,39
2016,Mujer               ,Sí                  ,19,39
2017,Hombre              ,No                  ,4030,39
2017,Hombre              ,Sí                  ,291,39
2017,Mujer               ,No                  ,902,39
2017,Mujer               ,Sí                  ,21,39
2018,Hombre              ,No                  ,3940,39
2018,Hombre              ,Sí                  ,295,39
2018,Mujer               ,No                  ,915,39
2018,Mujer               ,Sí                  ,13,39
2019,Hombre              ,No                  ,4037,39
2019,Hombre              ,Sí                  ,321,39
2019,Mujer               ,No                  ,983,39
2019,Mujer               ,Sí                  ,29,39
2015,Hombre              ,No                  ,4236,40
2015,Hombre              ,Sí                  ,506,40
2015,Mujer               ,No                  ,986,40
2015,Mujer               ,Sí                  ,23,40
2016,Hombre              ,No                  ,4365,40
2016,Hombre              ,Sí                  ,428,40
2016,Mujer               ,No                  ,1045,40
2016,Mujer               ,Sí                  ,24,40
2017,Hombre              ,No                  ,4783,40
2017,Hombre              ,Sí                  ,393,40
2017,Mujer               ,No                  ,1063,40
2017,Mujer               ,Sí                  ,20,40
2018,Hombre              ,No                  ,4597,40
2018,Hombre              ,Sí                  ,360,40
2018,Mujer               ,No                  ,1072,40
2018,Mujer               ,Sí                  ,10,40
2019,Hombre              ,No                  ,4330,40
2019,Hombre              ,Sí                  ,353,40
2019,Mujer               ,No                  ,1014,40
2019,Mujer               ,Sí                  ,47,40
2015,Hombre              ,No                  ,3406,41
2015,Hombre              ,Sí                  ,323,41
2015,Mujer               ,No                  ,877,41
2015,Mujer               ,Sí                  ,23,41
2016,Hombre              ,No                  ,3600,41
2016,Hombre              ,Sí                  ,268,41
2016,Mujer               ,No                  ,810,41
2016,Mujer               ,Sí                  ,18,41
2017,Hombre              ,No                  ,3667,41
2017,Hombre              ,Sí                  ,236,41
2017,Mujer               ,No                  ,840,41
2017,Mujer               ,Sí                  ,13,41
2018,Hombre              ,No                  ,3510,41
2018,Hombre              ,Sí                  ,229,41
2018,Mujer               ,No                  ,876,41
2018,Mujer               ,Sí                  ,12,41
2019,Hombre              ,No                  ,3211,41
2019,Hombre              ,Sí                  ,299,41
2019,Mujer               ,No                  ,778,41
2019,Mujer               ,Sí                  ,24,41
2015,Hombre              ,No                  ,4051,42
2015,Hombre              ,Sí                  ,466,42
2015,Mujer               ,No                  ,985,42
2015,Mujer               ,Sí                  ,18,42
2016,Hombre              ,No                  ,4152,42
2016,Hombre              ,Sí                  ,374,42
2016,Mujer               ,No                  ,944,42
2016,Mujer               ,Sí                  ,25,42
2017,Hombre              ,No                  ,4483,42
2017,Hombre              ,Sí                  ,371,42
2017,Mujer               ,No                  ,1016,42
2017,Mujer               ,Sí                  ,23,42
2018,Hombre              ,No                  ,4282,42
2018,Hombre              ,Sí                  ,305,42
2018,Mujer               ,No                  ,945,42
2018,Mujer               ,Sí                  ,21,42
2019,Hombre              ,No                  ,4060,42
2019,Hombre              ,Sí                  ,364,42
2019,Mujer               ,No                  ,972,42
2019,Mujer               ,Sí                  ,36,42
2015,Hombre              ,No                  ,3367,43
2015,Hombre              ,Sí                  ,331,43
2015,Mujer               ,No                  ,784,43
2015,Mujer               ,Sí                  ,15,43
2016,Hombre              ,No                  ,3482,43
2016,Hombre              ,Sí                  ,310,43
2016,Mujer               ,No                  ,826,43
2016,Mujer               ,Sí                  ,17,43
2017,Hombre              ,No                  ,3775,43
2017,Hombre              ,Sí                  ,252,43
2017,Mujer               ,No                  ,869,43
2017,Mujer               ,Sí                  ,18,43
2018,Hombre              ,No                  ,3731,43
2018,Hombre              ,Sí                  ,274,43
2018,Mujer               ,No                  ,831,43
2018,Mujer               ,Sí                  ,19,43
2019,Hombre              ,No                  ,3401,43
2019,Hombre              ,Sí                  ,253,43
2019,Mujer               ,No                  ,830,43
2019,Mujer               ,Sí                  ,31,43
2015,Hombre              ,No                  ,2832,44
2015,Hombre              ,Sí                  ,296,44
2015,Mujer               ,No                  ,641,44
2015,Mujer               ,Sí                  ,16,44
2016,Hombre              ,No                  ,2873,44
2016,Hombre              ,Sí                  ,264,44
2016,Mujer               ,No                  ,715,44
2016,Mujer               ,Sí                  ,18,44
2017,Hombre              ,No                  ,3380,44
2017,Hombre              ,Sí                  ,203,44
2017,Mujer               ,No                  ,766,44
2017,Mujer               ,Sí                  ,16,44
2018,Hombre              ,No                  ,3339,44
2018,Hombre              ,Sí                  ,222,44
2018,Mujer               ,No                  ,800,44
2018,Mujer               ,Sí                  ,10,44
2019,Hombre              ,No                  ,3255,44
2019,Hombre              ,Sí                  ,237,44
2019,Mujer               ,No                  ,704,44
2019,Mujer               ,Sí                  ,23,44
2015,Hombre              ,No                  ,3730,45
2015,Hombre              ,Sí                  ,429,45
2015,Mujer               ,No                  ,794,45
2015,Mujer               ,Sí                  ,16,45
2016,Hombre              ,No                  ,4275,45
2016,Hombre              ,Sí                  ,344,45
2016,Mujer               ,No                  ,963,45
2016,Mujer               ,Sí                  ,19,45
2017,Hombre              ,No                  ,4206,45
2017,Hombre              ,Sí                  ,334,45
2017,Mujer               ,No                  ,910,45
2017,Mujer               ,Sí                  ,17,45
2018,Hombre              ,No                  ,4434,45
2018,Hombre              ,Sí                  ,305,45
2018,Mujer               ,No                  ,927,45
2018,Mujer               ,Sí                  ,15,45
2019,Hombre              ,No                  ,4203,45
2019,Hombre              ,Sí                  ,331,45
2019,Mujer               ,No                  ,873,45
2019,Mujer               ,Sí                  ,20,45
2015,Hombre              ,No                  ,2616,46
2015,Hombre              ,Sí                  ,254,46
2015,Mujer               ,No                  ,651,46
2015,Mujer               ,Sí                  ,18,46
2016,Hombre              ,No                  ,2873,46
2016,Hombre              ,Sí                  ,262,46
2016,Mujer               ,No                  ,672,46
2016,Mujer               ,Sí                  ,11,46
2017,Hombre              ,No                  ,3193,46
2017,Hombre              ,Sí                  ,224,46
2017,Mujer               ,No                  ,749,46
2017,Mujer               ,Sí                  ,12,46
2018,Hombre              ,No                  ,3235,46
2018,Hombre              ,Sí                  ,193,46
2018,Mujer               ,No                  ,765,46
2018,Mujer               ,Sí                  ,11,46
2019,Hombre              ,No                  ,3207,46
2019,Hombre              ,Sí                  ,209,46
2019,Mujer               ,No                  ,752,46
2019,Mujer               ,Sí                  ,12,46
2015,Hombre              ,No                  ,2620,47
2015,Hombre              ,Sí                  ,232,47
2015,Mujer               ,No                  ,591,47
2015,Mujer               ,Sí                  ,12,47
2016,Hombre              ,No                  ,2683,47
2016,Hombre              ,Sí                  ,207,47
2016,Mujer               ,No                  ,606,47
2016,Mujer               ,Sí                  ,14,47
2017,Hombre              ,No                  ,3284,47
2017,Hombre              ,Sí                  ,212,47
2017,Mujer               ,No                  ,703,47
2017,Mujer               ,Sí                  ,13,47
2018,Hombre              ,No                  ,3222,47
2018,Hombre              ,Sí                  ,176,47
2018,Mujer               ,No                  ,734,47
2018,Mujer               ,Sí                  ,4,47
2019,Hombre              ,No                  ,3068,47
2019,Hombre              ,Sí                  ,226,47
2019,Mujer               ,No                  ,624,47
2019,Mujer               ,Sí                  ,15,47
2015,Hombre              ,No                  ,2565,48
2015,Hombre              ,Sí                  ,264,48
2015,Mujer               ,No                  ,529,48
2015,Mujer               ,Sí                  ,8,48
2016,Hombre              ,No                  ,2672,48
2016,Hombre              ,Sí                  ,247,48
2016,Mujer               ,No                  ,550,48
2016,Mujer               ,Sí                  ,13,48
2017,Hombre              ,No                  ,3003,48
2017,Hombre              ,Sí                  ,229,48
2017,Mujer               ,No                  ,625,48
2017,Mujer               ,Sí                  ,10,48
2018,Hombre              ,No                  ,3238,48
2018,Hombre              ,Sí                  ,243,48
2018,Mujer               ,No                  ,690,48
2018,Mujer               ,Sí                  ,15,48
2019,Hombre              ,No                  ,3055,48
2019,Hombre              ,Sí                  ,253,48
2019,Mujer               ,No                  ,668,48
2019,Mujer               ,Sí                  ,19,48
2015,Hombre              ,No                  ,2331,49
2015,Hombre              ,Sí                  ,243,49
2015,Mujer               ,No                  ,475,49
2015,Mujer               ,Sí                  ,15,49
2016,Hombre              ,No                  ,2257,49
2016,Hombre              ,Sí                  ,222,49
2016,Mujer               ,No                  ,524,49
2016,Mujer               ,Sí                  ,7,49
2017,Hombre              ,No                  ,2673,49
2017,Hombre              ,Sí                  ,212,49
2017,Mujer               ,No                  ,549,49
2017,Mujer               ,Sí                  ,11,49
2018,Hombre              ,No                  ,2673,49
2018,Hombre              ,Sí                  ,178,49
2018,Mujer               ,No                  ,639,49
2018,Mujer               ,Sí                  ,8,49
2019,Hombre              ,No                  ,2743,49
2019,Hombre              ,Sí                  ,195,49
2019,Mujer               ,No                  ,595,49
2019,Mujer               ,Sí                  ,10,49
2015,Hombre              ,No                  ,2575,50
2015,Hombre              ,Sí                  ,315,50
2015,Mujer               ,No                  ,592,50
2015,Mujer               ,Sí                  ,19,50
2016,Hombre              ,No                  ,2566,50
2016,Hombre              ,Sí                  ,251,50
2016,Mujer               ,No                  ,568,50
2016,Mujer               ,Sí                  ,13,50
2017,Hombre              ,No                  ,2962,50
2017,Hombre              ,Sí                  ,216,50
2017,Mujer               ,No                  ,627,50
2017,Mujer               ,Sí                  ,7,50
2018,Hombre              ,No                  ,2960,50
2018,Hombre              ,Sí                  ,227,50
2018,Mujer               ,No                  ,670,50
2018,Mujer               ,Sí                  ,6,50
2019,Hombre              ,No                  ,2852,50
2019,Hombre              ,Sí                  ,231,50
2019,Mujer               ,No                  ,646,50
2019,Mujer               ,Sí                  ,10,50
2015,Hombre              ,No                  ,1784,51
2015,Hombre              ,Sí                  ,158,51
2015,Mujer               ,No                  ,385,51
2015,Mujer               ,Sí                  ,9,51
2016,Hombre              ,No                  ,1929,51
2016,Hombre              ,Sí                  ,146,51
2016,Mujer               ,No                  ,459,51
2016,Mujer               ,Sí                  ,7,51
2017,Hombre              ,No                  ,2188,51
2017,Hombre              ,Sí                  ,143,51
2017,Mujer               ,No                  ,428,51
2017,Mujer               ,Sí                  ,6,51
2018,Hombre              ,No                  ,2166,51
2018,Hombre              ,Sí                  ,120,51
2018,Mujer               ,No                  ,499,51
2018,Mujer               ,Sí                  ,4,51
2019,Hombre              ,No                  ,2140,51
2019,Hombre              ,Sí                  ,127,51
2019,Mujer               ,No                  ,476,51
2019,Mujer               ,Sí                  ,7,51
2015,Hombre              ,No                  ,2177,52
2015,Hombre              ,Sí                  ,244,52
2015,Mujer               ,No                  ,452,52
2015,Mujer               ,Sí                  ,9,52
2016,Hombre              ,No                  ,2262,52
2016,Hombre              ,Sí                  ,219,52
2016,Mujer               ,No                  ,503,52
2016,Mujer               ,Sí                  ,5,52
2017,Hombre              ,No                  ,2621,52
2017,Hombre              ,Sí                  ,174,52
2017,Mujer               ,No                  ,527,52
2017,Mujer               ,Sí                  ,4,52
2018,Hombre              ,No                  ,2624,52
2018,Hombre              ,Sí                  ,159,52
2018,Mujer               ,No                  ,560,52
2018,Mujer               ,Sí                  ,7,52
2019,Hombre              ,No                  ,2506,52
2019,Hombre              ,Sí                  ,195,52
2019,Mujer               ,No                  ,510,52
2019,Mujer               ,Sí                  ,14,52
2015,Hombre              ,No                  ,1809,53
2015,Hombre              ,Sí                  ,184,53
2015,Mujer               ,No                  ,361,53
2015,Mujer               ,Sí                  ,6,53
2016,Hombre              ,No                  ,1956,53
2016,Hombre              ,Sí                  ,181,53
2016,Mujer               ,No                  ,370,53
2016,Mujer               ,Sí                  ,5,53
2017,Hombre              ,No                  ,2159,53
2017,Hombre              ,Sí                  ,138,53
2017,Mujer               ,No                  ,434,53
2017,Mujer               ,Sí                  ,7,53
2018,Hombre              ,No                  ,2231,53
2018,Hombre              ,Sí                  ,154,53
2018,Mujer               ,No                  ,475,53
2018,Mujer               ,Sí                  ,8,53
2019,Hombre              ,No                  ,2049,53
2019,Hombre              ,Sí                  ,166,53
2019,Mujer               ,No                  ,452,53
2019,Mujer               ,Sí                  ,11,53
2015,Hombre              ,No                  ,1827,54
2015,Hombre              ,Sí                  ,169,54
2015,Mujer               ,No                  ,373,54
2015,Mujer               ,Sí                  ,3,54
2016,Hombre              ,No                  ,1915,54
2016,Hombre              ,Sí                  ,139,54
2016,Mujer               ,No                  ,405,54
2016,Mujer               ,Sí                  ,8,54
2017,Hombre              ,No                  ,2110,54
2017,Hombre              ,Sí                  ,121,54
2017,Mujer               ,No                  ,437,54
2017,Mujer               ,Sí                  ,4,54
2018,Hombre              ,No                  ,2119,54
2018,Hombre              ,Sí                  ,122,54
2018,Mujer               ,No                  ,427,54
2018,Mujer               ,Sí                  ,6,54
2019,Hombre              ,No                  ,2083,54
2019,Hombre              ,Sí                  ,128,54
2019,Mujer               ,No                  ,429,54
2019,Mujer               ,Sí                  ,9,54
2015,Hombre              ,No                  ,1791,55
2015,Hombre              ,Sí                  ,210,55
2015,Mujer               ,No                  ,353,55
2015,Mujer               ,Sí                  ,5,55
2016,Hombre              ,No                  ,1958,55
2016,Hombre              ,Sí                  ,167,55
2016,Mujer               ,No                  ,387,55
2016,Mujer               ,Sí                  ,8,55
2017,Hombre              ,No                  ,2024,55
2017,Hombre              ,Sí                  ,147,55
2017,Mujer               ,No                  ,397,55
2017,Mujer               ,Sí                  ,1,55
2018,Hombre              ,No                  ,2140,55
2018,Hombre              ,Sí                  ,132,55
2018,Mujer               ,No                  ,419,55
2018,Mujer               ,Sí                  ,1,55
2019,Hombre              ,No                  ,2102,55
2019,Hombre              ,Sí                  ,145,55
2019,Mujer               ,No                  ,405,55
2019,Mujer               ,Sí                  ,6,55
2015,Hombre              ,No                  ,1578,56
2015,Hombre              ,Sí                  ,146,56
2015,Mujer               ,No                  ,274,56
2015,Mujer               ,Sí                  ,4,56
2016,Hombre              ,No                  ,1843,56
2016,Hombre              ,Sí                  ,118,56
2016,Mujer               ,No                  ,368,56
2016,Mujer               ,Sí                  ,6,56
2017,Hombre              ,No                  ,1978,56
2017,Hombre              ,Sí                  ,121,56
2017,Mujer               ,No                  ,340,56
2017,Mujer               ,Sí                  ,4,56
2018,Hombre              ,No                  ,1888,56
2018,Hombre              ,Sí                  ,109,56
2018,Mujer               ,No                  ,390,56
2018,Mujer               ,Sí                  ,5,56
2019,Hombre              ,No                  ,1960,56
2019,Hombre              ,Sí                  ,124,56
2019,Mujer               ,No                  ,387,56
2019,Mujer               ,Sí                  ,1,56
2015,Hombre              ,No                  ,1362,57
2015,Hombre              ,Sí                  ,134,57
2015,Mujer               ,No                  ,245,57
2015,Mujer               ,Sí                  ,5,57
2016,Hombre              ,No                  ,1441,57
2016,Hombre              ,Sí                  ,126,57
2016,Mujer               ,No                  ,253,57
2016,Mujer               ,Sí                  ,3,57
2017,Hombre              ,No                  ,1755,57
2017,Hombre              ,Sí                  ,108,57
2017,Mujer               ,No                  ,356,57
2017,Mujer               ,Sí                  ,4,57
2018,Hombre              ,No                  ,1693,57
2018,Hombre              ,Sí                  ,84,57
2018,Mujer               ,No                  ,356,57
2018,Mujer               ,Sí                  ,2,57
2019,Hombre              ,No                  ,1555,57
2019,Hombre              ,Sí                  ,101,57
2019,Mujer               ,No                  ,316,57
2019,Mujer               ,Sí                  ,2,57
2015,Hombre              ,No                  ,1399,58
2015,Hombre              ,Sí                  ,150,58
2015,Mujer               ,No                  ,272,58
2015,Mujer               ,Sí                  ,3,58
2016,Hombre              ,No                  ,1475,58
2016,Hombre              ,Sí                  ,127,58
2016,Mujer               ,No                  ,290,58
2016,Mujer               ,Sí                  ,3,58
2017,Hombre              ,No                  ,1763,58
2017,Hombre              ,Sí                  ,110,58
2017,Mujer               ,No                  ,280,58
2017,Mujer               ,Sí                  ,3,58
2018,Hombre              ,No                  ,1814,58
2018,Hombre              ,Sí                  ,105,58
2018,Mujer               ,No                  ,339,58
2018,Mujer               ,Sí                  ,1,58
2019,Hombre              ,No                  ,1688,58
2019,Hombre              ,Sí                  ,122,58
2019,Mujer               ,No                  ,317,58
2019,Mujer               ,Sí                  ,5,58
2015,Hombre              ,No                  ,1196,59
2015,Hombre              ,Sí                  ,102,59
2015,Mujer               ,No                  ,207,59
2015,Mujer               ,Sí                  ,2,59
2016,Hombre              ,No                  ,1270,59
2016,Hombre              ,Sí                  ,110,59
2016,Mujer               ,No                  ,236,59
2016,Mujer               ,Sí                  ,1,59
2017,Hombre              ,No                  ,1396,59
2017,Hombre              ,Sí                  ,91,59
2017,Mujer               ,No                  ,273,59
2017,Mujer               ,Sí                  ,4,59
2018,Hombre              ,No                  ,1490,59
2018,Hombre              ,Sí                  ,75,59
2018,Mujer               ,No                  ,309,59
2018,Mujer               ,Sí                  ,1,59
2019,Hombre              ,No                  ,1453,59
2019,Hombre              ,Sí                  ,103,59
2019,Mujer               ,No                  ,290,59
2019,Mujer               ,Sí                  ,4,59
2015,Hombre              ,No                  ,1360,60
2015,Hombre              ,Sí                  ,111,60
2015,Mujer               ,No                  ,233,60
2015,Mujer               ,Sí                  ,5,60
2016,Hombre              ,No                  ,1461,60
2016,Hombre              ,Sí                  ,114,60
2016,Mujer               ,No                  ,251,60
2016,Mujer               ,Sí                  ,5,60
2017,Hombre              ,No                  ,1569,60
2017,Hombre              ,Sí                  ,103,60
2017,Mujer               ,No                  ,318,60
2017,Mujer               ,Sí                  ,3,60
2018,Hombre              ,No                  ,1662,60
2018,Hombre              ,Sí                  ,91,60
2018,Mujer               ,No                  ,297,60
2018,Mujer               ,Sí                  ,5,60
2019,Hombre              ,No                  ,1602,60
2019,Hombre              ,Sí                  ,108,60
2019,Mujer               ,No                  ,318,60
2019,Mujer               ,Sí                  ,7,60
2015,Hombre              ,No                  ,887,61
2015,Hombre              ,Sí                  ,70,61
2015,Mujer               ,No                  ,158,61
2015,Mujer               ,Sí                  ,2,61
2016,Hombre              ,No                  ,926,61
2016,Hombre              ,Sí                  ,67,61
2016,Mujer               ,No                  ,179,61
2016,Mujer               ,Sí                  ,5,61
2017,Hombre              ,No                  ,1073,61
2017,Hombre              ,Sí                  ,57,61
2017,Mujer               ,No                  ,226,61
2017,Mujer               ,Sí                  ,2,61
2018,Hombre              ,No                  ,1144,61
2018,Hombre              ,Sí                  ,51,61
2018,Mujer               ,No                  ,218,61
2018,Mujer               ,Sí                  ,1,61
2019,Hombre              ,No                  ,1108,61
2019,Hombre              ,Sí                  ,77,61
2019,Mujer               ,No                  ,228,61
2019,Mujer               ,Sí                  ,3,61
2015,Hombre              ,No                  ,983,62
2015,Hombre              ,Sí                  ,81,62
2015,Mujer               ,No                  ,154,62
2015,Mujer               ,Sí                  ,1,62
2016,Hombre              ,No                  ,995,62
2016,Hombre              ,Sí                  ,80,62
2016,Mujer               ,No                  ,198,62
2016,Mujer               ,Sí                  ,3,62
2017,Hombre              ,No                  ,1219,62
2017,Hombre              ,Sí                  ,73,62
2017,Mujer               ,No                  ,262,62
2017,Mujer               ,Sí                  ,4,62
2018,Hombre              ,No                  ,1258,62
2018,Hombre              ,Sí                  ,76,62
2018,Mujer               ,No                  ,230,62
2018,Mujer               ,Sí                  ,4,62
2019,Hombre              ,No                  ,1220,62
2019,Hombre              ,Sí                  ,97,62
2019,Mujer               ,No                  ,246,62
2019,Mujer               ,Sí                  ,1,62
2015,Hombre              ,No                  ,870,63
2015,Hombre              ,Sí                  ,59,63
2015,Mujer               ,No                  ,138,63
2015,Mujer               ,Sí                  ,3,63
2016,Hombre              ,No                  ,891,63
2016,Hombre              ,Sí                  ,70,63
2016,Mujer               ,No                  ,168,63
2016,Mujer               ,Sí                  ,3,63
2017,Hombre              ,No                  ,1020,63
2017,Hombre              ,Sí                  ,70,63
2017,Mujer               ,No                  ,222,63
2017,Mujer               ,Sí                  ,2,63
2018,Hombre              ,No                  ,1138,63
2018,Hombre              ,Sí                  ,61,63
2018,Mujer               ,No                  ,230,63
2018,Mujer               ,Sí                  ,3,63
2019,Hombre              ,No                  ,1066,63
2019,Hombre              ,Sí                  ,58,63
2019,Mujer               ,No                  ,239,63
2019,Mujer               ,Sí                  ,4,63
2015,Hombre              ,No                  ,765,64
2015,Hombre              ,Sí                  ,67,64
2015,Mujer               ,No                  ,154,64
2016,Hombre              ,No                  ,820,64
2016,Hombre              ,Sí                  ,54,64
2016,Mujer               ,No                  ,143,64
2016,Mujer               ,Sí                  ,1,64
2017,Hombre              ,No                  ,901,64
2017,Hombre              ,Sí                  ,53,64
2017,Mujer               ,No                  ,182,64
2017,Mujer               ,Sí                  ,1,64
2018,Hombre              ,No                  ,1024,64
2018,Hombre              ,Sí                  ,53,64
2018,Mujer               ,No                  ,195,64
2018,Mujer               ,Sí                  ,1,64
2019,Hombre              ,No                  ,988,64
2019,Hombre              ,Sí                  ,71,64
2019,Mujer               ,No                  ,198,64
2019,Mujer               ,Sí                  ,3,64
2015,Hombre              ,No                  ,876,65
2015,Hombre              ,Sí                  ,82,65
2015,Mujer               ,No                  ,156,65
2015,Mujer               ,Sí                  ,2,65
2016,Hombre              ,No                  ,942,65
2016,Hombre              ,Sí                  ,65,65
2016,Mujer               ,No                  ,146,65
2017,Hombre              ,No                  ,1027,65
2017,Hombre              ,Sí                  ,57,65
2017,Mujer               ,No                  ,155,65
2018,Hombre              ,No                  ,1012,65
2018,Hombre              ,Sí                  ,56,65
2018,Mujer               ,No                  ,199,65
2018,Mujer               ,Sí                  ,1,65
2019,Hombre              ,No                  ,992,65
2019,Hombre              ,Sí                  ,80,65
2019,Mujer               ,No                  ,179,65
2019,Mujer               ,Sí                  ,2,65
2015,Hombre              ,No                  ,593,66
2015,Hombre              ,Sí                  ,30,66
2015,Mujer               ,No                  ,124,66
2015,Mujer               ,Sí                  ,1,66
2016,Hombre              ,No                  ,651,66
2016,Hombre              ,Sí                  ,41,66
2016,Mujer               ,No                  ,127,66
2017,Hombre              ,No                  ,738,66
2017,Hombre              ,Sí                  ,35,66
2017,Mujer               ,No                  ,134,66
2017,Mujer               ,Sí                  ,2,66
2018,Hombre              ,No                  ,738,66
2018,Hombre              ,Sí                  ,37,66
2018,Mujer               ,No                  ,156,66
2019,Hombre              ,No                  ,759,66
2019,Hombre              ,Sí                  ,42,66
2019,Mujer               ,No                  ,133,66
2019,Mujer               ,Sí                  ,3,66
2015,Hombre              ,No                  ,591,67
2015,Hombre              ,Sí                  ,49,67
2015,Mujer               ,No                  ,103,67
2016,Hombre              ,No                  ,585,67
2016,Hombre              ,Sí                  ,40,67
2016,Mujer               ,No                  ,120,67
2017,Hombre              ,No                  ,760,67
2017,Hombre              ,Sí                  ,61,67
2017,Mujer               ,No                  ,131,67
2018,Hombre              ,No                  ,763,67
2018,Hombre              ,Sí                  ,40,67
2018,Mujer               ,No                  ,138,67
2018,Mujer               ,Sí                  ,1,67
2019,Hombre              ,No                  ,662,67
2019,Hombre              ,Sí                  ,37,67
2019,Mujer               ,No                  ,144,67
2019,Mujer               ,Sí                  ,2,67
2015,Hombre              ,No                  ,503,68
2015,Hombre              ,Sí                  ,30,68
2015,Mujer               ,No                  ,105,68
2015,Mujer               ,Sí                  ,1,68
2016,Hombre              ,No                  ,575,68
2016,Hombre              ,Sí                  ,39,68
2016,Mujer               ,No                  ,85,68
2017,Hombre              ,No                  ,668,68
2017,Hombre              ,Sí                  ,35,68
2017,Mujer               ,No                  ,123,68
2017,Mujer               ,Sí                  ,1,68
2018,Hombre              ,No                  ,698,68
2018,Hombre              ,Sí                  ,50,68
2018,Mujer               ,No                  ,147,68
2019,Hombre              ,No                  ,708,68
2019,Hombre              ,Sí                  ,47,68
2019,Mujer               ,No                  ,145,68
2019,Mujer               ,Sí                  ,1,68
2015,Hombre              ,No                  ,398,69
2015,Hombre              ,Sí                  ,21,69
2015,Mujer               ,No                  ,79,69
2015,Mujer               ,Sí                  ,1,69
2016,Hombre              ,No                  ,446,69
2016,Hombre              ,Sí                  ,21,69
2016,Mujer               ,No                  ,76,69
2016,Mujer               ,Sí                  ,1,69
2017,Hombre              ,No                  ,517,69
2017,Hombre              ,Sí                  ,34,69
2017,Mujer               ,No                  ,106,69
2017,Mujer               ,Sí                  ,1,69
2018,Hombre              ,No                  ,567,69
2018,Hombre              ,Sí                  ,21,69
2018,Mujer               ,No                  ,116,69
2018,Mujer               ,Sí                  ,1,69
2019,Hombre              ,No                  ,594,69
2019,Hombre              ,Sí                  ,28,69
2019,Mujer               ,No                  ,109,69
2015,Hombre              ,No                  ,470,70
2015,Hombre              ,Sí                  ,40,70
2015,Mujer               ,No                  ,83,70
2016,Hombre              ,No                  ,492,70
2016,Hombre              ,Sí                  ,30,70
2016,Mujer               ,No                  ,109,70
2017,Hombre              ,No                  ,655,70
2017,Hombre              ,Sí                  ,40,70
2017,Mujer               ,No                  ,117,70
2017,Mujer               ,Sí                  ,1,70
2018,Hombre              ,No                  ,604,70
2018,Hombre              ,Sí                  ,28,70
2018,Mujer               ,No                  ,113,70
2019,Hombre              ,No                  ,630,70
2019,Hombre              ,Sí                  ,42,70
2019,Mujer               ,No                  ,121,70
2015,Hombre              ,No                  ,303,71
2015,Hombre              ,Sí                  ,12,71
2015,Mujer               ,No                  ,47,71
2016,Hombre              ,No                  ,379,71
2016,Hombre              ,Sí                  ,15,71
2016,Mujer               ,No                  ,54,71
2017,Hombre              ,No                  ,421,71
2017,Hombre              ,Sí                  ,16,71
2017,Mujer               ,No                  ,82,71
2017,Mujer               ,Sí                  ,1,71
2018,Hombre              ,No                  ,475,71
2018,Hombre              ,Sí                  ,16,71
2018,Mujer               ,No                  ,92,71
2018,Mujer               ,Sí                  ,1,71
2019,Hombre              ,No                  ,456,71
2019,Hombre              ,Sí                  ,24,71
2019,Mujer               ,No                  ,95,71
2019,Mujer               ,Sí                  ,1,71
2015,Hombre              ,No                  ,369,72
2015,Hombre              ,Sí                  ,26,72
2015,Mujer               ,No                  ,57,72
2016,Hombre              ,No                  ,395,72
2016,Hombre              ,Sí                  ,24,72
2016,Mujer               ,No                  ,82,72
2017,Hombre              ,No                  ,487,72
2017,Hombre              ,Sí                  ,20,72
2017,Mujer               ,No                  ,89,72
2018,Hombre              ,No                  ,496,72
2018,Hombre              ,Sí                  ,26,72
2018,Mujer               ,No                  ,94,72
2018,Mujer               ,Sí                  ,1,72
2019,Hombre              ,No                  ,468,72
2019,Hombre              ,Sí                  ,17,72
2019,Mujer               ,No                  ,94,72
2015,Hombre              ,No                  ,306,73
2015,Hombre              ,Sí                  ,18,73
2015,Mujer               ,No                  ,53,73
2016,Hombre              ,No                  ,334,73
2016,Hombre              ,Sí                  ,13,73
2016,Mujer               ,No                  ,51,73
2017,Hombre              ,No                  ,403,73
2017,Hombre              ,Sí                  ,11,73
2017,Mujer               ,No                  ,49,73
2018,Hombre              ,No                  ,388,73
2018,Hombre              ,Sí                  ,18,73
2018,Mujer               ,No                  ,71,73
2019,Hombre              ,No                  ,393,73
2019,Hombre              ,Sí                  ,17,73
2019,Mujer               ,No                  ,74,73
2019,Mujer               ,Sí                  ,1,73
2015,Hombre              ,No                  ,310,74
2015,Hombre              ,Sí                  ,22,74
2015,Mujer               ,No                  ,42,74
2016,Hombre              ,No                  ,324,74
2016,Hombre              ,Sí                  ,19,74
2016,Mujer               ,No                  ,49,74
2017,Hombre              ,No                  ,346,74
2017,Hombre              ,Sí                  ,9,74
2017,Mujer               ,No                  ,62,74
2018,Hombre              ,No                  ,361,74
2018,Hombre              ,Sí                  ,17,74
2018,Mujer               ,No                  ,64,74
2018,Mujer               ,Sí                  ,2,74
2019,Hombre              ,No                  ,321,74
2019,Hombre              ,Sí                  ,12,74
2019,Mujer               ,No                  ,69,74
2015,Hombre              ,No                  ,283,75
2015,Hombre              ,Sí                  ,10,75
2015,Mujer               ,No                  ,40,75
2016,Hombre              ,No                  ,305,75
2016,Hombre              ,Sí                  ,15,75
2016,Mujer               ,No                  ,59,75
2017,Hombre              ,No                  ,296,75
2017,Hombre              ,Sí                  ,9,75
2017,Mujer               ,No                  ,48,75
2018,Hombre              ,No                  ,344,75
2018,Hombre              ,Sí                  ,9,75
2018,Mujer               ,No                  ,61,75
2019,Hombre              ,No                  ,364,75
2019,Hombre              ,Sí                  ,17,75
2019,Mujer               ,No                  ,65,75
2019,Mujer               ,Sí                  ,1,75
2015,Hombre              ,No                  ,210,76
2015,Hombre              ,Sí                  ,7,76
2015,Mujer               ,No                  ,29,76
2016,Hombre              ,No                  ,252,76
2016,Hombre              ,Sí                  ,10,76
2016,Mujer               ,No                  ,30,76
2017,Hombre              ,No                  ,254,76
2017,Hombre              ,Sí                  ,6,76
2017,Mujer               ,No                  ,36,76
2018,Hombre              ,No                  ,263,76
2018,Hombre              ,Sí                  ,8,76
2018,Mujer               ,No                  ,53,76
2019,Hombre              ,No                  ,252,76
2019,Hombre              ,Sí                  ,13,76
2019,Mujer               ,No                  ,56,76
2015,Hombre              ,No                  ,193,77
2015,Mujer               ,No                  ,33,77
2016,Hombre              ,No                  ,207,77
2016,Hombre              ,Sí                  ,7,77
2016,Mujer               ,No                  ,30,77
2017,Hombre              ,No                  ,240,77
2017,Hombre              ,Sí                  ,9,77
2017,Mujer               ,No                  ,36,77
2018,Hombre              ,No                  ,247,77
2018,Hombre              ,Sí                  ,10,77
2018,Mujer               ,No                  ,31,77
2018,Mujer               ,Sí                  ,1,77
2019,Hombre              ,No                  ,222,77
2019,Hombre              ,Sí                  ,9,77
2019,Mujer               ,No                  ,44,77
2019,Mujer               ,Sí                  ,2,77
2015,Hombre              ,No                  ,165,78
2015,Hombre              ,Sí                  ,8,78
2015,Mujer               ,No                  ,28,78
2016,Hombre              ,No                  ,163,78
2016,Hombre              ,Sí                  ,4,78
2016,Mujer               ,No                  ,35,78
2017,Hombre              ,No                  ,220,78
2017,Hombre              ,Sí                  ,4,78
2017,Mujer               ,No                  ,27,78
2018,Hombre              ,No                  ,247,78
2018,Hombre              ,Sí                  ,6,78
2018,Mujer               ,No                  ,47,78
2019,Hombre              ,No                  ,229,78
2019,Hombre              ,Sí                  ,7,78
2019,Mujer               ,No                  ,42,78
2015,Hombre              ,No                  ,139,79
2015,Hombre              ,Sí                  ,1,79
2015,Mujer               ,No                  ,25,79
2016,Hombre              ,No                  ,129,79
2016,Hombre              ,Sí                  ,5,79
2016,Mujer               ,No                  ,16,79
2017,Hombre              ,No                  ,178,79
2017,Hombre              ,Sí                  ,2,79
2017,Mujer               ,No                  ,18,79
2018,Hombre              ,No                  ,183,79
2018,Hombre              ,Sí                  ,3,79
2018,Mujer               ,No                  ,26,79
2019,Hombre              ,No                  ,181,79
2019,Hombre              ,Sí                  ,6,79
2019,Mujer               ,No                  ,45,79
2015,Hombre              ,No                  ,141,80
2015,Hombre              ,Sí                  ,4,80
2015,Mujer               ,No                  ,21,80
2016,Hombre              ,No                  ,132,80
2016,Hombre              ,Sí                  ,5,80
2016,Mujer               ,No                  ,24,80
2017,Hombre              ,No                  ,203,80
2017,Hombre              ,Sí                  ,4,80
2017,Mujer               ,No                  ,22,80
2018,Hombre              ,No                  ,192,80
2018,Hombre              ,Sí                  ,2,80
2018,Mujer               ,No                  ,35,80
2019,Hombre              ,No                  ,154,80
2019,Hombre              ,Sí                  ,1,80
2019,Mujer               ,No                  ,23,80
2015,Hombre              ,No                  ,78,81
2015,Hombre              ,Sí                  ,2,81
2015,Mujer               ,No                  ,6,81
2016,Hombre              ,No                  ,88,81
2016,Hombre              ,Sí                  ,5,81
2016,Mujer               ,No                  ,12,81
2017,Hombre              ,No                  ,114,81
2017,Hombre              ,Sí                  ,2,81
2017,Mujer               ,No                  ,21,81
2018,Hombre              ,No                  ,101,81
2018,Hombre              ,Sí                  ,2,81
2018,Mujer               ,No                  ,18,81
2019,Hombre              ,No                  ,104,81
2019,Hombre              ,Sí                  ,1,81
2019,Mujer               ,No                  ,17,81
2015,Hombre              ,No                  ,72,82
2015,Hombre              ,Sí                  ,2,82
2015,Mujer               ,No                  ,8,82
2016,Hombre              ,No                  ,87,82
2016,Hombre              ,Sí                  ,2,82
2016,Mujer               ,No                  ,13,82
2017,Hombre              ,No                  ,91,82
2017,Hombre              ,Sí                  ,2,82
2017,Mujer               ,No                  ,14,82
2018,Hombre              ,No                  ,118,82
2018,Hombre              ,Sí                  ,3,82
2018,Mujer               ,No                  ,18,82
2019,Hombre              ,No                  ,102,82
2019,Hombre              ,Sí                  ,2,82
2019,Mujer               ,No                  ,13,82
2019,Mujer               ,Sí                  ,1,82
2015,Hombre              ,No                  ,59,83
2015,Hombre              ,Sí                  ,2,83
2015,Mujer               ,No                  ,8,83
2015,Mujer               ,Sí                  ,1,83
2016,Hombre              ,No                  ,57,83
2016,Hombre              ,Sí                  ,1,83
2016,Mujer               ,No                  ,12,83
2017,Hombre              ,No                  ,86,83
2017,Hombre              ,Sí                  ,2,83
2017,Mujer               ,No                  ,10,83
2018,Hombre              ,No                  ,76,83
2018,Hombre              ,Sí                  ,2,83
2018,Mujer               ,No                  ,11,83
2019,Hombre              ,No                  ,78,83
2019,Hombre              ,Sí                  ,3,83
2019,Mujer               ,No                  ,13,83
2015,Hombre              ,No                  ,65,84
2015,Mujer               ,No                  ,11,84
2016,Hombre              ,No                  ,68,84
2016,Hombre              ,Sí                  ,1,84
2016,Mujer               ,No                  ,8,84
2017,Hombre              ,No                  ,63,84
2017,Hombre              ,Sí                  ,2,84
2017,Mujer               ,No                  ,4,84
2018,Hombre              ,No                  ,74,84
2018,Hombre              ,Sí                  ,1,84
2018,Mujer               ,No                  ,15,84
2019,Hombre              ,No                  ,68,84
2019,Hombre              ,Sí                  ,1,84
2019,Mujer               ,No                  ,11,84
2015,Hombre              ,No                  ,52,85
2015,Hombre              ,Sí                  ,1,85
2015,Mujer               ,No                  ,4,85
2016,Hombre              ,No                  ,65,85
2016,Mujer               ,No                  ,5,85
2017,Hombre              ,No                  ,63,85
2017,Hombre              ,Sí                  ,1,85
2017,Mujer               ,No                  ,5,85
2018,Hombre              ,No                  ,48,85
2018,Mujer               ,No                  ,5,85
2019,Hombre              ,No                  ,51,85
2019,Hombre              ,Sí                  ,2,85
2019,Mujer               ,No                  ,5,85
2015,Hombre              ,No                  ,39,86
2015,Hombre              ,Sí                  ,2,86
2015,Mujer               ,No                  ,2,86
2016,Hombre              ,No                  ,44,86
2016,Mujer               ,No                  ,2,86
2017,Hombre              ,No                  ,49,86
2017,Mujer               ,No                  ,3,86
2018,Hombre              ,No                  ,43,86
2018,Hombre              ,Sí                  ,1,86
2018,Mujer               ,No                  ,2,86
2019,Hombre              ,No                  ,42,86
2019,Mujer               ,No                  ,4,86
2015,Hombre              ,No                  ,29,87
2015,Mujer               ,No                  ,5,87
2016,Hombre              ,No                  ,40,87
2016,Hombre              ,Sí                  ,1,87
2016,Mujer               ,No                  ,4,87
2017,Hombre              ,No                  ,40,87
2017,Mujer               ,No                  ,7,87
2018,Hombre              ,No                  ,33,87
2018,Hombre              ,Sí                  ,2,87
2018,Mujer               ,No                  ,1,87
2019,Hombre              ,No                  ,40,87
2019,Hombre              ,Sí                  ,1,87
2019,Mujer               ,No                  ,3,87
2015,Hombre              ,No                  ,21,88
2015,Mujer               ,No                  ,1,88
2016,Hombre              ,No                  ,18,88
2016,Mujer               ,No                  ,4,88
2017,Hombre              ,No                  ,19,88
2017,Mujer               ,No                  ,2,88
2018,Hombre              ,No                  ,34,88
2018,Mujer               ,No                  ,3,88
2019,Hombre              ,No                  ,23,88
2019,Mujer               ,No                  ,5,88
2015,Hombre              ,No                  ,16,89
2015,Hombre              ,Sí                  ,2,89
2015,Mujer               ,No                  ,1,89
2016,Hombre              ,No                  ,16,89
2016,Mujer               ,No                  ,3,89
2017,Hombre              ,No                  ,18,89
2017,Hombre              ,Sí                  ,1,89
2017,Mujer               ,No                  ,1,89
2018,Hombre              ,No                  ,12,89
2019,Hombre              ,No                  ,17,89
2019,Mujer               ,No                  ,1,89
2015,Hombre              ,No                  ,13,90
2015,Mujer               ,No                  ,2,90
2016,Hombre              ,No                  ,15,90
2016,Hombre              ,Sí                  ,2,90
2016,Mujer               ,No                  ,2,90
2017,Hombre              ,No                  ,11,90
2018,Hombre              ,No                  ,17,90
2019,Hombre              ,No                  ,12,90
2015,Hombre              ,No                  ,1,91
2016,Hombre              ,No                  ,5,91
2016,Mujer               ,No                  ,1,91
2017,Hombre              ,No                  ,10,91
2018,Hombre              ,No                  ,4,91
2018,Mujer               ,No                  ,1,91
2019,Hombre              ,No                  ,7,91
2019,Mujer               ,No                  ,1,91
2015,Hombre              ,No                  ,7,92
2015,Mujer               ,No                  ,1,92
2016,Hombre              ,No                  ,7,92
2017,Hombre              ,No                  ,6,92
2017,Hombre              ,Sí                  ,1,92
2017,Mujer               ,No                  ,1,92
2018,Hombre              ,No                  ,5,92
2019,Hombre              ,No                  ,6,92
2015,Hombre              ,No                  ,4,93
2016,Hombre              ,No                  ,6,93
2016,Mujer               ,No                  ,1,93
2017,Hombre              ,No                  ,3,93
2017,Mujer               ,No                  ,1,93
2018,Hombre              ,No                  ,3,93
2018,Mujer               ,No                  ,1,93
2019,Hombre              ,No                  ,5,93
2015,Hombre              ,No                  ,3,94
2016,Hombre              ,No                  ,4,94
2017,Hombre              ,No                  ,4,94
2018,Hombre              ,No                  ,9,94
2019,Mujer               ,No                  ,1,94
2015,Hombre              ,No                  ,1,95
2016,Hombre              ,No                  ,4,95
2017,Hombre              ,No                  ,2,95
2018,Hombre              ,No                  ,2,95
2018,Mujer               ,No                  ,1,95
2019,Hombre              ,No                  ,4,95
2019,Mujer               ,No                  ,1,95
2015,Hombre              ,No                  ,3,96
2016,Hombre              ,No                  ,1,96
2017,Hombre              ,No                  ,1,96
2018,Hombre              ,No                  ,2,96
2016,Hombre              ,No                  ,1,97
2017,Hombre              ,No                  ,2,97
2018,Hombre              ,No                  ,1,97
2015,Hombre              ,No                  ,1,98
2015,Hombre              ,Sí                  ,1,98
2016,Hombre              ,No                  ,1,98
2017,Hombre              ,No                  ,6,98
2017,Hombre              ,Sí                  ,1,98
2017,Mujer               ,No                  ,1,98
2019,Hombre              ,Sí                  ,1,98
